-- phpMyAdmin SQL Dump
-- version 4.8.2
-- https://www.phpmyadmin.net/
--
-- Host: 127.0.0.1
-- Generation Time: Apr 10, 2019 at 06:14 AM
-- Server version: 10.1.34-MariaDB
-- PHP Version: 7.2.8

SET SQL_MODE = "NO_AUTO_VALUE_ON_ZERO";
SET AUTOCOMMIT = 0;
START TRANSACTION;
SET time_zone = "+00:00";


/*!40101 SET @OLD_CHARACTER_SET_CLIENT=@@CHARACTER_SET_CLIENT */;
/*!40101 SET @OLD_CHARACTER_SET_RESULTS=@@CHARACTER_SET_RESULTS */;
/*!40101 SET @OLD_COLLATION_CONNECTION=@@COLLATION_CONNECTION */;
/*!40101 SET NAMES utf8mb4 */;

--
-- Database: `innovative1`
--

-- --------------------------------------------------------

--
-- Table structure for table `about_info`
--

CREATE TABLE `about_info` (
  `about_info_id` int(11) NOT NULL,
  `info` text NOT NULL,
  `is_primary` int(11) NOT NULL
) ENGINE=InnoDB DEFAULT CHARSET=latin1;

--
-- Dumping data for table `about_info`
--

INSERT INTO `about_info` (`about_info_id`, `info`, `is_primary`) VALUES
(1, 'abc', 1);

-- --------------------------------------------------------

--
-- Table structure for table `city`
--

CREATE TABLE `city` (
  `cid` int(11) NOT NULL,
  `cname` varchar(100) NOT NULL,
  `sid` int(11) NOT NULL
) ENGINE=InnoDB DEFAULT CHARSET=latin1;

--
-- Dumping data for table `city`
--

INSERT INTO `city` (`cid`, `cname`, `sid`) VALUES
(5, 'AHMEDABAD', 1),
(6, 'BARODA', 1),
(9, 'JAMNAGAR', 1),
(10, 'Surat', 1),
(11, 'pushkar', 6);

-- --------------------------------------------------------

--
-- Table structure for table `ci_sessions`
--

CREATE TABLE `ci_sessions` (
  `id` varchar(40) NOT NULL,
  `ip_address` varchar(45) NOT NULL,
  `timestamp` int(10) UNSIGNED NOT NULL DEFAULT '0',
  `data` blob NOT NULL
) ENGINE=InnoDB DEFAULT CHARSET=latin1;

--
-- Dumping data for table `ci_sessions`
--

INSERT INTO `ci_sessions` (`id`, `ip_address`, `timestamp`, `data`) VALUES
('0melhh97v284mt2ch63borhapmgtfrks', '::1', 1554556048, 0x5f5f63695f6c6173745f726567656e65726174657c693a313535343535363034383b),
('0rbmqmab95tf7bt2bhed65koobkm7gcb', '::1', 1554626916, 0x5f5f63695f6c6173745f726567656e65726174657c693a313535343632363931363b757365725f646174617c4f3a383a22737464436c617373223a31333a7b733a373a22757365725f6964223b733a313a2237223b733a383a22757365726e616d65223b733a353a2261646d696e223b733a353a22656d61696c223b733a31353a2261646d696e40676d61696c2e636f6d223b733a383a2270617373776f7264223b733a333a22313233223b733a393a2266756c6c5f6e616d65223b733a353a2241646d696e223b733a31303a2261626f75745f75736572223b4e3b733a383a2273746174655f6964223b733a313a2231223b733a373a22636974795f6964223b733a313a2235223b733a393a22636f757273655f6964223b733a313a2231223b733a383a226c616e646d61726b223b733a393a226d616e696e61676172223b733a373a22726f6c655f6964223b733a313a2231223b733a393a2269735f6f6e6c696e65223b733a313a2230223b733a31303a22637265617465645f6174223b733a31393a22323031392d30342d30372031343a31313a3331223b7d),
('0tqoeeji40ags9rpn603kp87ae96qlub', '::1', 1554630696, 0x5f5f63695f6c6173745f726567656e65726174657c693a313535343633303639363b757365725f646174617c4f3a383a22737464436c617373223a31333a7b733a373a22757365725f6964223b733a313a2237223b733a383a22757365726e616d65223b733a353a2261646d696e223b733a353a22656d61696c223b733a31353a2261646d696e40676d61696c2e636f6d223b733a383a2270617373776f7264223b733a333a22313233223b733a393a2266756c6c5f6e616d65223b733a353a2241646d696e223b733a31303a2261626f75745f75736572223b4e3b733a383a2273746174655f6964223b733a313a2231223b733a373a22636974795f6964223b733a313a2235223b733a393a22636f757273655f6964223b733a313a2231223b733a383a226c616e646d61726b223b733a393a226d616e696e61676172223b733a373a22726f6c655f6964223b733a313a2231223b733a393a2269735f6f6e6c696e65223b733a313a2230223b733a31303a22637265617465645f6174223b733a31393a22323031392d30342d30372031343a31313a3331223b7d),
('1dh3hr260rq68audlg3fjfm8lu7nccii', '::1', 1554524935, 0x5f5f63695f6c6173745f726567656e65726174657c693a313535343532343933353b),
('1iuq9237geg3adqemdttk77hpcccr22s', '::1', 1554645083, 0x757365725f69647c733a313a2231223b757365726e616d657c733a363a2273616d656572223b656d61696c7c733a31383a2273616d406d61696c696e61746f722e636f6d223b70617373776f72647c733a333a22313233223b66756c6c5f6e616d657c733a333a2273616d223b61626f75745f757365727c4e3b73746174655f69647c733a313a2233223b636974795f69647c733a313a2236223b636f757273655f69647c733a313a2231223b6c616e646d61726b7c733a393a224d616e696e61676172223b726f6c655f69647c733a313a2232223b69735f6f6e6c696e657c733a313a2231223b637265617465645f61747c733a31393a22323031392d30342d30372031393a31343a3033223b5f5f63695f6c6173745f726567656e65726174657c693a313535343634353038333b),
('1n8rntndq0afggi5uqmjga69e3m6frq8', '::1', 1554622739, 0x757365725f69647c733a313a2236223b757365726e616d657c733a363a2273616d656572223b656d61696c7c733a31383a2273616d406d61696c696e61746f722e636f6d223b70617373776f72647c733a333a22313233223b66756c6c5f6e616d657c4e3b61626f75745f757365727c4e3b73746174655f69647c733a313a2233223b636974795f69647c733a313a2236223b636f757273655f69647c733a313a2231223b6c616e646d61726b7c733a393a224d616e696e61676172223b726f6c655f69647c733a313a2232223b69735f6f6e6c696e657c733a313a2230223b637265617465645f61747c733a31393a22323031392d30342d30372031323a35383a3035223b5f5f63695f6c6173745f726567656e65726174657c693a313535343632323733393b),
('1occch9cqtn09ceu4akno8k37s5tijef', '::1', 1554533837, 0x5f5f63695f6c6173745f726567656e65726174657c693a313535343533333833373b),
('258cpstl4ih1gf9pqt2b95g7nksa6gib', '::1', 1554553943, 0x5f5f63695f6c6173745f726567656e65726174657c693a313535343535333934333b),
('35tf14iindcts79itueg1rvaaujin1ip', '::1', 1554219092, 0x757365725f69647c733a313a2232223b757365726e616d657c733a373a224a61736d697461223b656d61696c7c733a31333a226a617340676d61696c2e636f6d223b70617373776f72647c733a373a226a61736d697461223b66756c6c5f6e616d657c733a373a224a61736d697461223b61626f75745f757365727c733a3132343a2249742069732061206c6f6e672065737461626c6973686564206661637420746861742061207265616465722077696c6c206265206469737472616374656420627920746865207265616461626c6520636f6e74656e74206f6620612070616765207768656e206c6f6f6b696e6720617420697473206c61796f75742e223b73746174655f69647c733a313a2231223b636974795f69647c733a313a2235223b636f757273655f69647c733a313a2231223b6c616e646d61726b7c733a353a22564144414a223b726f6c655f69647c733a313a2232223b69735f6f6e6c696e657c733a313a2230223b5f5f63695f6c6173745f726567656e65726174657c693a313535343231393039323b),
('3pg289pdh7vhkvi8j6j1tmapuakbegk1', '::1', 1554729944, 0x757365725f69647c733a323a223130223b757365726e616d657c733a383a227465737475736572223b656d61696c7c733a31383a22746573747573657240676d61696c2e636f6d223b70617373776f72647c733a333a22313233223b66756c6c5f6e616d657c4e3b61626f75745f757365727c4e3b73746174655f69647c733a313a2231223b636974795f69647c733a313a2235223b636f757273655f69647c733a313a2232223b6c616e646d61726b7c733a393a224d616e696e61676172223b726f6c655f69647c733a313a2233223b69735f6f6e6c696e657c733a313a2230223b637265617465645f61747c733a31393a22323031392d30342d30382031383a35343a3532223b5f5f63695f6c6173745f726567656e65726174657c693a313535343732393930393b),
('3rl8aticnpcni1d1lmpr28ui1d79lscr', '::1', 1554728425, 0x5f5f63695f6c6173745f726567656e65726174657c693a313535343732383432353b),
('3v2rjmasp020joec6osq8a2bftv80vj7', '::1', 1554627550, 0x5f5f63695f6c6173745f726567656e65726174657c693a313535343632373535303b757365725f646174617c4f3a383a22737464436c617373223a31333a7b733a373a22757365725f6964223b733a313a2237223b733a383a22757365726e616d65223b733a353a2261646d696e223b733a353a22656d61696c223b733a31353a2261646d696e40676d61696c2e636f6d223b733a383a2270617373776f7264223b733a333a22313233223b733a393a2266756c6c5f6e616d65223b733a353a2241646d696e223b733a31303a2261626f75745f75736572223b4e3b733a383a2273746174655f6964223b733a313a2231223b733a373a22636974795f6964223b733a313a2235223b733a393a22636f757273655f6964223b733a313a2231223b733a383a226c616e646d61726b223b733a393a226d616e696e61676172223b733a373a22726f6c655f6964223b733a313a2231223b733a393a2269735f6f6e6c696e65223b733a313a2230223b733a31303a22637265617465645f6174223b733a31393a22323031392d30342d30372031343a31313a3331223b7d),
('43vm6243bijqannq9qm2cguv150256rf', '::1', 1554220208, 0x757365725f69647c733a313a2232223b757365726e616d657c733a373a224a61736d697461223b656d61696c7c733a31333a226a617340676d61696c2e636f6d223b70617373776f72647c733a373a226a61736d697461223b66756c6c5f6e616d657c733a373a224a61736d697461223b61626f75745f757365727c733a3132343a2249742069732061206c6f6e672065737461626c6973686564206661637420746861742061207265616465722077696c6c206265206469737472616374656420627920746865207265616461626c6520636f6e74656e74206f6620612070616765207768656e206c6f6f6b696e6720617420697473206c61796f75742e223b73746174655f69647c733a313a2231223b636974795f69647c733a313a2235223b636f757273655f69647c733a313a2231223b6c616e646d61726b7c733a353a22564144414a223b726f6c655f69647c733a313a2232223b69735f6f6e6c696e657c733a313a2230223b5f5f63695f6c6173745f726567656e65726174657c693a313535343232303135383b),
('46pc40c8lcbkencqfi398til63fd5nu3', '::1', 1554556363, 0x757365725f69647c733a313a2231223b757365726e616d657c733a363a2273616d656572223b656d61696c7c733a31383a2273616d406d61696c696e61746f722e636f6d223b70617373776f72647c733a333a22313233223b66756c6c5f6e616d657c4e3b61626f75745f757365727c4e3b73746174655f69647c733a313a2231223b636974795f69647c733a313a2235223b636f757273655f69647c733a313a2231223b6c616e646d61726b7c733a393a224d616e696e61676172223b726f6c655f69647c733a313a2232223b69735f6f6e6c696e657c733a313a2231223b637265617465645f61747c733a31393a22323031392d30342d30362031383a30353a3234223b5f5f63695f6c6173745f726567656e65726174657c693a313535343535363336333b),
('4eaogctrfaqj463t0i9qaltlajc86iqu', '::1', 1554831290, 0x5f5f63695f6c6173745f726567656e65726174657c693a313535343833313239303b757365725f646174617c4f3a383a22737464436c617373223a31333a7b733a373a22757365725f6964223b733a313a2231223b733a383a22757365726e616d65223b733a363a2273616d656572223b733a353a22656d61696c223b733a31383a2273616d406d61696c696e61746f722e636f6d223b733a383a2270617373776f7264223b733a333a22313233223b733a393a2266756c6c5f6e616d65223b733a333a2273616d223b733a31303a2261626f75745f75736572223b4e3b733a383a2273746174655f6964223b733a313a2233223b733a373a22636974795f6964223b733a313a2236223b733a393a22636f757273655f6964223b733a313a2231223b733a383a226c616e646d61726b223b733a393a224d616e696e61676172223b733a373a22726f6c655f6964223b733a313a2232223b733a393a2269735f6f6e6c696e65223b733a313a2230223b733a31303a22637265617465645f6174223b733a31393a22323031392d30342d30392032323a35383a3035223b7d),
('4q9ks3m508es6jrtutivt7t6mj47q5fv', '::1', 1554535996, 0x5f5f63695f6c6173745f726567656e65726174657c693a313535343533353939363b),
('57qmal3lkkn82b89eee47gi9ga56ac1o', '::1', 1554620849, 0x757365725f69647c733a313a2236223b757365726e616d657c733a363a2273616d656572223b656d61696c7c733a31383a2273616d406d61696c696e61746f722e636f6d223b70617373776f72647c733a333a22313233223b66756c6c5f6e616d657c4e3b61626f75745f757365727c4e3b73746174655f69647c733a313a2233223b636974795f69647c733a313a2236223b636f757273655f69647c733a313a2231223b6c616e646d61726b7c733a393a224d616e696e61676172223b726f6c655f69647c733a313a2232223b69735f6f6e6c696e657c733a313a2230223b637265617465645f61747c733a31393a22323031392d30342d30372031323a33363a3537223b5f5f63695f6c6173745f726567656e65726174657c693a313535343632303834393b),
('5923ubr4i6no9lqqkqq9r8rvf3vnmcqm', '::1', 1554729500, 0x5f5f63695f6c6173745f726567656e65726174657c693a313535343732393530303b),
('6daks5co005al5a8usoe9tfhgllreu24', '::1', 1554645798, 0x757365725f69647c733a313a2231223b757365726e616d657c733a363a2273616d656572223b656d61696c7c733a31383a2273616d406d61696c696e61746f722e636f6d223b70617373776f72647c733a333a22313233223b66756c6c5f6e616d657c733a333a2273616d223b61626f75745f757365727c4e3b73746174655f69647c733a313a2233223b636974795f69647c733a313a2236223b636f757273655f69647c733a313a2231223b6c616e646d61726b7c733a393a224d616e696e61676172223b726f6c655f69647c733a313a2232223b69735f6f6e6c696e657c733a313a2231223b637265617465645f61747c733a31393a22323031392d30342d30372031393a31343a3033223b5f5f63695f6c6173745f726567656e65726174657c693a313535343634353739383b),
('6teh2efs152eful78ik7ctkeh3gfhkfs', '::1', 1554631261, 0x5f5f63695f6c6173745f726567656e65726174657c693a313535343633313236313b757365725f646174617c4f3a383a22737464436c617373223a31333a7b733a373a22757365725f6964223b733a313a2237223b733a383a22757365726e616d65223b733a353a2261646d696e223b733a353a22656d61696c223b733a31353a2261646d696e40676d61696c2e636f6d223b733a383a2270617373776f7264223b733a333a22313233223b733a393a2266756c6c5f6e616d65223b733a353a2241646d696e223b733a31303a2261626f75745f75736572223b4e3b733a383a2273746174655f6964223b733a313a2231223b733a373a22636974795f6964223b733a313a2235223b733a393a22636f757273655f6964223b733a313a2231223b733a383a226c616e646d61726b223b733a393a226d616e696e61676172223b733a373a22726f6c655f6964223b733a313a2231223b733a393a2269735f6f6e6c696e65223b733a313a2230223b733a31303a22637265617465645f6174223b733a31393a22323031392d30342d30372031343a31313a3331223b7d),
('6uh4g4g0bogmkotl13mh2mpvnqs76j3s', '::1', 1554730412, 0x5f5f63695f6c6173745f726567656e65726174657c693a313535343733303431323b),
('7cjssk0370brovpj4ejo5i12ronano77', '::1', 1554524935, 0x5f5f63695f6c6173745f726567656e65726174657c693a313535343532343933353b),
('7va34isjfcep9jc12ohqr3m4djsq3pa9', '::1', 1554631581, 0x5f5f63695f6c6173745f726567656e65726174657c693a313535343633313538313b757365725f646174617c4f3a383a22737464436c617373223a31333a7b733a373a22757365725f6964223b733a313a2237223b733a383a22757365726e616d65223b733a353a2261646d696e223b733a353a22656d61696c223b733a31353a2261646d696e40676d61696c2e636f6d223b733a383a2270617373776f7264223b733a333a22313233223b733a393a2266756c6c5f6e616d65223b733a353a2241646d696e223b733a31303a2261626f75745f75736572223b4e3b733a383a2273746174655f6964223b733a313a2231223b733a373a22636974795f6964223b733a313a2235223b733a393a22636f757273655f6964223b733a313a2231223b733a383a226c616e646d61726b223b733a393a226d616e696e61676172223b733a373a22726f6c655f6964223b733a313a2231223b733a393a2269735f6f6e6c696e65223b733a313a2230223b733a31303a22637265617465645f6174223b733a31393a22323031392d30342d30372031343a31313a3331223b7d),
('88ntt361jssdamdkvbbovahad7liql5u', '::1', 1554627871, 0x5f5f63695f6c6173745f726567656e65726174657c693a313535343632373837313b757365725f646174617c4f3a383a22737464436c617373223a31333a7b733a373a22757365725f6964223b733a313a2237223b733a383a22757365726e616d65223b733a353a2261646d696e223b733a353a22656d61696c223b733a31353a2261646d696e40676d61696c2e636f6d223b733a383a2270617373776f7264223b733a333a22313233223b733a393a2266756c6c5f6e616d65223b733a353a2241646d696e223b733a31303a2261626f75745f75736572223b4e3b733a383a2273746174655f6964223b733a313a2231223b733a373a22636974795f6964223b733a313a2235223b733a393a22636f757273655f6964223b733a313a2231223b733a383a226c616e646d61726b223b733a393a226d616e696e61676172223b733a373a22726f6c655f6964223b733a313a2231223b733a393a2269735f6f6e6c696e65223b733a313a2230223b733a31303a22637265617465645f6174223b733a31393a22323031392d30342d30372031343a31313a3331223b7d),
('8hio0e7eamk39t9kr8anajqi3n732qan', '::1', 1554729090, 0x757365725f69647c733a313a2238223b757365726e616d657c733a343a2274657374223b656d61696c7c733a31393a2274657374406d61696c696e61746f722e636f6d223b70617373776f72647c733a333a22313233223b66756c6c5f6e616d657c4e3b61626f75745f757365727c4e3b73746174655f69647c733a313a2231223b636974795f69647c733a313a2235223b636f757273655f69647c733a313a2231223b6c616e646d61726b7c733a393a224d616e696e61676172223b726f6c655f69647c733a313a2232223b69735f6f6e6c696e657c733a313a2230223b637265617465645f61747c733a31393a22323031392d30342d30382031383a33303a3532223b5f5f63695f6c6173745f726567656e65726174657c693a313535343732393039303b),
('8l0ds69vkvrqdhdevvl1dpv1qng5rf0q', '::1', 1554830753, 0x5f5f63695f6c6173745f726567656e65726174657c693a313535343833303735333b757365725f646174617c4f3a383a22737464436c617373223a31333a7b733a373a22757365725f6964223b733a313a2237223b733a383a22757365726e616d65223b733a353a2261646d696e223b733a353a22656d61696c223b733a31353a2261646d696e40676d61696c2e636f6d223b733a383a2270617373776f7264223b733a333a22313233223b733a393a2266756c6c5f6e616d65223b733a353a2241646d696e223b733a31303a2261626f75745f75736572223b4e3b733a383a2273746174655f6964223b733a313a2231223b733a373a22636974795f6964223b733a313a2235223b733a393a22636f757273655f6964223b733a313a2231223b733a383a226c616e646d61726b223b733a393a226d616e696e61676172223b733a373a22726f6c655f6964223b733a313a2231223b733a393a2269735f6f6e6c696e65223b733a313a2230223b733a31303a22637265617465645f6174223b733a31393a22323031392d30342d30372031353a32333a3138223b7d),
('8lqe7ftatkenia0mdmil22e9f2gbjpbv', '::1', 1554521164, 0x5f5f63695f6c6173745f726567656e65726174657c693a313535343532313136343b757365725f646174617c4f3a383a22737464436c617373223a31323a7b733a373a22757365725f6964223b733a313a2231223b733a383a22757365726e616d65223b733a353a2261646d696e223b733a353a22656d61696c223b733a31353a2261646d696e40676d61696c2e636f6d223b733a383a2270617373776f7264223b733a353a2261646d696e223b733a393a2266756c6c5f6e616d65223b733a31303a2261646d696e2075736572223b733a31303a2261626f75745f75736572223b733a37343a224c6f72656d20497073756d2069732073696d706c792064756d6d792074657874206f6620746865207072696e74696e6720616e64207479706573657474696e6720696e6475737472792e223b733a383a2273746174655f6964223b733a313a2231223b733a373a22636974795f6964223b733a313a2235223b733a393a22636f757273655f6964223b733a313a2231223b733a383a226c616e646d61726b223b733a373a224b686f6b687261223b733a373a22726f6c655f6964223b733a313a2231223b733a393a2269735f6f6e6c696e65223b733a313a2230223b7d),
('8morohivsru5pf5b9qai6qipklah9h19', '::1', 1554645754, 0x5f5f63695f6c6173745f726567656e65726174657c693a313535343634353535333b757365725f646174617c4f3a383a22737464436c617373223a31333a7b733a373a22757365725f6964223b733a313a2237223b733a383a22757365726e616d65223b733a353a2261646d696e223b733a353a22656d61696c223b733a31353a2261646d696e40676d61696c2e636f6d223b733a383a2270617373776f7264223b733a333a22313233223b733a393a2266756c6c5f6e616d65223b733a353a2241646d696e223b733a31303a2261626f75745f75736572223b4e3b733a383a2273746174655f6964223b733a313a2231223b733a373a22636974795f6964223b733a313a2235223b733a393a22636f757273655f6964223b733a313a2231223b733a383a226c616e646d61726b223b733a393a226d616e696e61676172223b733a373a22726f6c655f6964223b733a313a2231223b733a393a2269735f6f6e6c696e65223b733a313a2230223b733a31303a22637265617465645f6174223b733a31393a22323031392d30342d30372031353a32333a3138223b7d),
('8o6t0k9sm7l97vesab56ir5ekbntk9tj', '::1', 1554626372, 0x757365725f69647c733a313a2236223b757365726e616d657c733a363a2273616d656572223b656d61696c7c733a31383a2273616d406d61696c696e61746f722e636f6d223b70617373776f72647c733a333a22313233223b66756c6c5f6e616d657c4e3b61626f75745f757365727c4e3b73746174655f69647c733a313a2233223b636974795f69647c733a313a2236223b636f757273655f69647c733a313a2231223b6c616e646d61726b7c733a393a224d616e696e61676172223b726f6c655f69647c733a313a2232223b69735f6f6e6c696e657c733a313a2230223b637265617465645f61747c733a31393a22323031392d30342d30372031323a35383a3035223b5f5f63695f6c6173745f726567656e65726174657c693a313535343632363337323b),
('8svm5vmucnt6p8gaunitdhh450uosdnu', '::1', 1554536308, 0x5f5f63695f6c6173745f726567656e65726174657c693a313535343533363330383b),
('93p5irht515nqcurqb2cnrvk8edv5v7f', '::1', 1554537017, 0x5f5f63695f6c6173745f726567656e65726174657c693a313535343533373031373b),
('9qctoj1kfj3gokvhmgqn4qgs4726t7ak', '::1', 1554633036, 0x757365725f69647c733a313a2236223b757365726e616d657c733a363a2273616d656572223b656d61696c7c733a31383a2273616d406d61696c696e61746f722e636f6d223b70617373776f72647c733a333a22313233223b66756c6c5f6e616d657c4e3b61626f75745f757365727c4e3b73746174655f69647c733a313a2233223b636974795f69647c733a313a2236223b636f757273655f69647c733a313a2231223b6c616e646d61726b7c733a393a224d616e696e61676172223b726f6c655f69647c733a313a2232223b69735f6f6e6c696e657c733a313a2230223b637265617465645f61747c733a31393a22323031392d30342d30372031323a35383a3035223b5f5f63695f6c6173745f726567656e65726174657c693a313535343633333033363b),
('9viok65r9risakkae8s8p9vvra8jt8kn', '::1', 1554730412, 0x5f5f63695f6c6173745f726567656e65726174657c693a313535343733303431323b),
('aciffqm6ju2vhvh50jn3l13ojdoo8lg3', '::1', 1554217968, 0x757365725f69647c733a313a2232223b757365726e616d657c733a373a224a61736d697461223b656d61696c7c733a31333a226a617340676d61696c2e636f6d223b70617373776f72647c733a373a226a61736d697461223b66756c6c5f6e616d657c733a373a224a61736d697461223b61626f75745f757365727c733a3132343a2249742069732061206c6f6e672065737461626c6973686564206661637420746861742061207265616465722077696c6c206265206469737472616374656420627920746865207265616461626c6520636f6e74656e74206f6620612070616765207768656e206c6f6f6b696e6720617420697473206c61796f75742e223b73746174655f69647c733a313a2231223b636974795f69647c733a313a2235223b636f757273655f69647c733a313a2231223b6c616e646d61726b7c733a353a22564144414a223b726f6c655f69647c733a313a2232223b69735f6f6e6c696e657c733a313a2230223b5f5f63695f6c6173745f726567656e65726174657c693a313535343231373936383b),
('ap76k34itl2lmmq8jv5bvs6fp45ck2t8', '::1', 1554645553, 0x5f5f63695f6c6173745f726567656e65726174657c693a313535343634353535333b757365725f646174617c4f3a383a22737464436c617373223a31333a7b733a373a22757365725f6964223b733a313a2237223b733a383a22757365726e616d65223b733a353a2261646d696e223b733a353a22656d61696c223b733a31353a2261646d696e40676d61696c2e636f6d223b733a383a2270617373776f7264223b733a333a22313233223b733a393a2266756c6c5f6e616d65223b733a353a2241646d696e223b733a31303a2261626f75745f75736572223b4e3b733a383a2273746174655f6964223b733a313a2231223b733a373a22636974795f6964223b733a313a2235223b733a393a22636f757273655f6964223b733a313a2231223b733a383a226c616e646d61726b223b733a393a226d616e696e61676172223b733a373a22726f6c655f6964223b733a313a2231223b733a393a2269735f6f6e6c696e65223b733a313a2230223b733a31303a22637265617465645f6174223b733a31393a22323031392d30342d30372031353a32333a3138223b7d),
('at0s2g7vd020ccqqajle8ohdafciqf5k', '::1', 1554555051, 0x757365725f69647c733a313a2231223b757365726e616d657c733a363a2273616d656572223b656d61696c7c733a31383a2273616d406d61696c696e61746f722e636f6d223b70617373776f72647c733a333a22313233223b66756c6c5f6e616d657c4e3b61626f75745f757365727c4e3b73746174655f69647c733a313a2231223b636974795f69647c733a313a2235223b636f757273655f69647c733a313a2231223b6c616e646d61726b7c733a393a224d616e696e61676172223b726f6c655f69647c733a313a2232223b69735f6f6e6c696e657c733a313a2230223b637265617465645f61747c733a31393a22323031392d30342d30362031383a30343a3537223b5f5f63695f6c6173745f726567656e65726174657c693a313535343535343932363b),
('b54qlkedtkrou7ca2udoeb1ik9evbtt5', '::1', 1554534278, 0x5f5f63695f6c6173745f726567656e65726174657c693a313535343533343237383b),
('b675vmhuskbh4qhhaq9m3g5dmij4b3tc', '::1', 1554521165, 0x5f5f63695f6c6173745f726567656e65726174657c693a313535343532313136343b757365725f646174617c4f3a383a22737464436c617373223a31323a7b733a373a22757365725f6964223b733a313a2231223b733a383a22757365726e616d65223b733a353a2261646d696e223b733a353a22656d61696c223b733a31353a2261646d696e40676d61696c2e636f6d223b733a383a2270617373776f7264223b733a353a2261646d696e223b733a393a2266756c6c5f6e616d65223b733a31303a2261646d696e2075736572223b733a31303a2261626f75745f75736572223b733a37343a224c6f72656d20497073756d2069732073696d706c792064756d6d792074657874206f6620746865207072696e74696e6720616e64207479706573657474696e6720696e6475737472792e223b733a383a2273746174655f6964223b733a313a2231223b733a373a22636974795f6964223b733a313a2235223b733a393a22636f757273655f6964223b733a313a2231223b733a383a226c616e646d61726b223b733a373a224b686f6b687261223b733a373a22726f6c655f6964223b733a313a2231223b733a393a2269735f6f6e6c696e65223b733a313a2230223b7d),
('bp8i35gapj7krhjojf52jbt04427dh24', '::1', 1554627220, 0x5f5f63695f6c6173745f726567656e65726174657c693a313535343632373232303b757365725f646174617c4f3a383a22737464436c617373223a31333a7b733a373a22757365725f6964223b733a313a2237223b733a383a22757365726e616d65223b733a353a2261646d696e223b733a353a22656d61696c223b733a31353a2261646d696e40676d61696c2e636f6d223b733a383a2270617373776f7264223b733a333a22313233223b733a393a2266756c6c5f6e616d65223b733a353a2241646d696e223b733a31303a2261626f75745f75736572223b4e3b733a383a2273746174655f6964223b733a313a2231223b733a373a22636974795f6964223b733a313a2235223b733a393a22636f757273655f6964223b733a313a2231223b733a383a226c616e646d61726b223b733a393a226d616e696e61676172223b733a373a22726f6c655f6964223b733a313a2231223b733a393a2269735f6f6e6c696e65223b733a313a2230223b733a31303a22637265617465645f6174223b733a31393a22323031392d30342d30372031343a31313a3331223b7d),
('bqn6k2utstmateb57ubev6r7dhbo1n6r', '::1', 1554554624, 0x757365725f69647c733a313a2231223b757365726e616d657c733a363a2273616d656572223b656d61696c7c733a31383a2273616d406d61696c696e61746f722e636f6d223b70617373776f72647c733a333a22313233223b66756c6c5f6e616d657c4e3b61626f75745f757365727c4e3b73746174655f69647c733a313a2231223b636974795f69647c733a313a2235223b636f757273655f69647c733a313a2231223b6c616e646d61726b7c733a393a224d616e696e61676172223b726f6c655f69647c733a313a2232223b69735f6f6e6c696e657c733a313a2230223b637265617465645f61747c733a31393a22323031392d30342d30362031383a30343a3537223b5f5f63695f6c6173745f726567656e65726174657c693a313535343535343632343b),
('c86vajvehvksnlb42s0c2hcotl5ntcfq', '::1', 1554218787, 0x757365725f69647c733a313a2232223b757365726e616d657c733a373a224a61736d697461223b656d61696c7c733a31333a226a617340676d61696c2e636f6d223b70617373776f72647c733a373a226a61736d697461223b66756c6c5f6e616d657c733a373a224a61736d697461223b61626f75745f757365727c733a3132343a2249742069732061206c6f6e672065737461626c6973686564206661637420746861742061207265616465722077696c6c206265206469737472616374656420627920746865207265616461626c6520636f6e74656e74206f6620612070616765207768656e206c6f6f6b696e6720617420697473206c61796f75742e223b73746174655f69647c733a313a2231223b636974795f69647c733a313a2235223b636f757273655f69647c733a313a2231223b6c616e646d61726b7c733a353a22564144414a223b726f6c655f69647c733a313a2232223b69735f6f6e6c696e657c733a313a2230223b5f5f63695f6c6173745f726567656e65726174657c693a313535343231383738373b),
('cfb1qhm7oat8bn34ml9nb8gvqjiobtmq', '::1', 1554219841, 0x757365725f69647c733a313a2232223b757365726e616d657c733a373a224a61736d697461223b656d61696c7c733a31333a226a617340676d61696c2e636f6d223b70617373776f72647c733a373a226a61736d697461223b66756c6c5f6e616d657c733a373a224a61736d697461223b61626f75745f757365727c733a3132343a2249742069732061206c6f6e672065737461626c6973686564206661637420746861742061207265616465722077696c6c206265206469737472616374656420627920746865207265616461626c6520636f6e74656e74206f6620612070616765207768656e206c6f6f6b696e6720617420697473206c61796f75742e223b73746174655f69647c733a313a2231223b636974795f69647c733a313a2235223b636f757273655f69647c733a313a2231223b6c616e646d61726b7c733a353a22564144414a223b726f6c655f69647c733a313a2232223b69735f6f6e6c696e657c733a313a2230223b5f5f63695f6c6173745f726567656e65726174657c693a313535343231393834313b),
('cjf9048i65db66t2ef5bepb8i305e7n4', '::1', 1554628901, 0x5f5f63695f6c6173745f726567656e65726174657c693a313535343632383930313b757365725f646174617c4f3a383a22737464436c617373223a31333a7b733a373a22757365725f6964223b733a313a2237223b733a383a22757365726e616d65223b733a353a2261646d696e223b733a353a22656d61696c223b733a31353a2261646d696e40676d61696c2e636f6d223b733a383a2270617373776f7264223b733a333a22313233223b733a393a2266756c6c5f6e616d65223b733a353a2241646d696e223b733a31303a2261626f75745f75736572223b4e3b733a383a2273746174655f6964223b733a313a2231223b733a373a22636974795f6964223b733a313a2235223b733a393a22636f757273655f6964223b733a313a2231223b733a383a226c616e646d61726b223b733a393a226d616e696e61676172223b733a373a22726f6c655f6964223b733a313a2231223b733a393a2269735f6f6e6c696e65223b733a313a2230223b733a31303a22637265617465645f6174223b733a31393a22323031392d30342d30372031343a31313a3331223b7d),
('ckj3262nta1og7kolas881k4f9pjqnlv', '::1', 1554555393, 0x5f5f63695f6c6173745f726567656e65726174657c693a313535343535353339333b),
('coh90m01o93u271d0h86dr35a1fko888', '::1', 1554532451, 0x5f5f63695f6c6173745f726567656e65726174657c693a313535343533323435313b),
('ct7bt09ja6s8cl878a0u2mt7mmck4jq2', '::1', 1554630550, 0x757365725f69647c733a313a2236223b757365726e616d657c733a363a2273616d656572223b656d61696c7c733a31383a2273616d406d61696c696e61746f722e636f6d223b70617373776f72647c733a333a22313233223b66756c6c5f6e616d657c4e3b61626f75745f757365727c4e3b73746174655f69647c733a313a2233223b636974795f69647c733a313a2236223b636f757273655f69647c733a313a2231223b6c616e646d61726b7c733a393a224d616e696e61676172223b726f6c655f69647c733a313a2232223b69735f6f6e6c696e657c733a313a2230223b637265617465645f61747c733a31393a22323031392d30342d30372031323a35383a3035223b5f5f63695f6c6173745f726567656e65726174657c693a313535343633303535303b),
('d2cq6tdou51c9gbsgs7v6uvh0416fmu4', '::1', 1554219442, 0x757365725f69647c733a313a2232223b757365726e616d657c733a373a224a61736d697461223b656d61696c7c733a31333a226a617340676d61696c2e636f6d223b70617373776f72647c733a373a226a61736d697461223b66756c6c5f6e616d657c733a373a224a61736d697461223b61626f75745f757365727c733a3132343a2249742069732061206c6f6e672065737461626c6973686564206661637420746861742061207265616465722077696c6c206265206469737472616374656420627920746865207265616461626c6520636f6e74656e74206f6620612070616765207768656e206c6f6f6b696e6720617420697473206c61796f75742e223b73746174655f69647c733a313a2231223b636974795f69647c733a313a2235223b636f757273655f69647c733a313a2231223b6c616e646d61726b7c733a353a22564144414a223b726f6c655f69647c733a313a2232223b69735f6f6e6c696e657c733a313a2230223b5f5f63695f6c6173745f726567656e65726174657c693a313535343231393434323b),
('d8pjqtj8pfmh2jj7njf1cl7o5927uis3', '::1', 1554521909, 0x5f5f63695f6c6173745f726567656e65726174657c693a313535343532313833363b),
('d9j5u4fdp2f81popedsgp2sejadbf4t0', '::1', 1554628175, 0x5f5f63695f6c6173745f726567656e65726174657c693a313535343632383137353b757365725f646174617c4f3a383a22737464436c617373223a31333a7b733a373a22757365725f6964223b733a313a2237223b733a383a22757365726e616d65223b733a353a2261646d696e223b733a353a22656d61696c223b733a31353a2261646d696e40676d61696c2e636f6d223b733a383a2270617373776f7264223b733a333a22313233223b733a393a2266756c6c5f6e616d65223b733a353a2241646d696e223b733a31303a2261626f75745f75736572223b4e3b733a383a2273746174655f6964223b733a313a2231223b733a373a22636974795f6964223b733a313a2235223b733a393a22636f757273655f6964223b733a313a2231223b733a383a226c616e646d61726b223b733a393a226d616e696e61676172223b733a373a22726f6c655f6964223b733a313a2231223b733a393a2269735f6f6e6c696e65223b733a313a2230223b733a31303a22637265617465645f6174223b733a31393a22323031392d30342d30372031343a31313a3331223b7d),
('dhtkgdtr5p1a44b0iff9ek9gtufe6d0f', '::1', 1554831411, 0x757365725f69647c733a313a2232223b757365726e616d657c733a363a2253616d656572223b656d61696c7c733a31333a2273616d40676d61696c2e636f6d223b70617373776f72647c733a333a22313233223b66756c6c5f6e616d657c733a31323a2253616d656572204268617474223b61626f75745f757365727c4e3b73746174655f69647c733a313a2231223b636974795f69647c733a313a2235223b636f757273655f69647c733a313a2231223b6c616e646d61726b7c733a393a226d616e696e61676172223b726f6c655f69647c733a313a2233223b69735f6f6e6c696e657c733a313a2230223b637265617465645f61747c733a31393a22323031392d30342d30392032333a30363a3033223b5f5f63695f6c6173745f726567656e65726174657c693a313535343833313337323b),
('eb31lqqbvib8jab8c539rii5inlviosm', '::1', 1554628212, 0x757365725f69647c733a313a2236223b757365726e616d657c733a363a2273616d656572223b656d61696c7c733a31383a2273616d406d61696c696e61746f722e636f6d223b70617373776f72647c733a333a22313233223b66756c6c5f6e616d657c4e3b61626f75745f757365727c4e3b73746174655f69647c733a313a2233223b636974795f69647c733a313a2236223b636f757273655f69647c733a313a2231223b6c616e646d61726b7c733a393a224d616e696e61676172223b726f6c655f69647c733a313a2232223b69735f6f6e6c696e657c733a313a2230223b637265617465645f61747c733a31393a22323031392d30342d30372031323a35383a3035223b5f5f63695f6c6173745f726567656e65726174657c693a313535343632383231323b),
('f740jgtg7kf0cgp0bijqags65odps5f0', '::1', 1554521487, 0x5f5f63695f6c6173745f726567656e65726174657c693a313535343532313438373b),
('f8tro7tst66tbsnm6dpj2qlum24tkk3d', '::1', 1554624927, 0x757365725f69647c733a313a2236223b757365726e616d657c733a363a2273616d656572223b656d61696c7c733a31383a2273616d406d61696c696e61746f722e636f6d223b70617373776f72647c733a333a22313233223b66756c6c5f6e616d657c4e3b61626f75745f757365727c4e3b73746174655f69647c733a313a2233223b636974795f69647c733a313a2236223b636f757273655f69647c733a313a2231223b6c616e646d61726b7c733a393a224d616e696e61676172223b726f6c655f69647c733a313a2232223b69735f6f6e6c696e657c733a313a2230223b637265617465645f61747c733a31393a22323031392d30342d30372031323a35383a3035223b5f5f63695f6c6173745f726567656e65726174657c693a313535343632343932373b),
('fh76bsne38htath8hj6q1c3jdgiuia8h', '::1', 1554535556, 0x5f5f63695f6c6173745f726567656e65726174657c693a313535343533353535363b),
('fh89i53h7hd70h9ke36p5h6v6eag0t8i', '::1', 1554632455, 0x757365725f69647c733a313a2236223b757365726e616d657c733a363a2273616d656572223b656d61696c7c733a31383a2273616d406d61696c696e61746f722e636f6d223b70617373776f72647c733a333a22313233223b66756c6c5f6e616d657c4e3b61626f75745f757365727c4e3b73746174655f69647c733a313a2233223b636974795f69647c733a313a2236223b636f757273655f69647c733a313a2231223b6c616e646d61726b7c733a393a224d616e696e61676172223b726f6c655f69647c733a313a2232223b69735f6f6e6c696e657c733a313a2231223b637265617465645f61747c733a31393a22323031392d30342d30372031333a30313a3432223b5f5f63695f6c6173745f726567656e65726174657c693a313535343633323435353b),
('fp1oi58o25nknsg4hpk73tsumkt7c0qe', '::1', 1554522548, 0x5f5f63695f6c6173745f726567656e65726174657c693a313535343532323534383b),
('g29pnnmnn9bcemaceuhf4hbpi9g0tpf0', '::1', 1554729368, 0x757365725f69647c733a313a2239223b757365726e616d657c733a343a2274657374223b656d61696c7c733a31343a227465737440676d61696c2e636f6d223b70617373776f72647c733a333a22313233223b66756c6c5f6e616d657c4e3b61626f75745f757365727c4e3b73746174655f69647c733a313a2231223b636974795f69647c733a313a2235223b636f757273655f69647c733a313a2231223b6c616e646d61726b7c733a393a224d616e696e61676172223b726f6c655f69647c733a313a2232223b69735f6f6e6c696e657c733a313a2230223b637265617465645f61747c733a31393a22323031392d30342d30382031383a34353a3338223b5f5f63695f6c6173745f726567656e65726174657c693a313535343732393336383b),
('gmfrt6nj6pod46ulmg52otcmn88nlu71', '::1', 1554830964, 0x5f5f63695f6c6173745f726567656e65726174657c693a313535343833303735333b757365725f646174617c4f3a383a22737464436c617373223a31333a7b733a373a22757365725f6964223b733a313a2231223b733a383a22757365726e616d65223b733a363a2273616d656572223b733a353a22656d61696c223b733a31383a2273616d406d61696c696e61746f722e636f6d223b733a383a2270617373776f7264223b733a333a22313233223b733a393a2266756c6c5f6e616d65223b733a333a2273616d223b733a31303a2261626f75745f75736572223b4e3b733a383a2273746174655f6964223b733a313a2233223b733a373a22636974795f6964223b733a313a2236223b733a393a22636f757273655f6964223b733a313a2231223b733a383a226c616e646d61726b223b733a393a224d616e696e61676172223b733a373a22726f6c655f6964223b733a313a2232223b733a393a2269735f6f6e6c696e65223b733a313a2231223b733a31303a22637265617465645f6174223b733a31393a22323031392d30342d30392032323a35343a3336223b7d),
('grh5a2lt64gh8ejk8fl3p99godn2ql1l', '::1', 1554523017, 0x5f5f63695f6c6173745f726567656e65726174657c693a313535343532333031373b),
('h2s8i3cvu08l2atekv9nejg3d5psd0bb', '::1', 1554830943, 0x757365725f69647c733a323a223130223b757365726e616d657c733a383a227465737475736572223b656d61696c7c733a31383a22746573747573657240676d61696c2e636f6d223b70617373776f72647c733a333a22313233223b66756c6c5f6e616d657c4e3b61626f75745f757365727c4e3b73746174655f69647c733a313a2231223b636974795f69647c733a313a2235223b636f757273655f69647c733a313a2232223b6c616e646d61726b7c733a393a224d616e696e61676172223b726f6c655f69647c733a313a2233223b69735f6f6e6c696e657c733a313a2231223b637265617465645f61747c733a31393a22323031392d30342d30382031383a35353a3035223b5f5f63695f6c6173745f726567656e65726174657c693a313535343833303839353b),
('h3c03hrreoicngks2i7jpcmmfjvseh2v', '::1', 1554552466, 0x5f5f63695f6c6173745f726567656e65726174657c693a313535343535323436363b),
('hi1l6p3b76e2nfo75bg365r98429g5qc', '::1', 1554522125, 0x5f5f63695f6c6173745f726567656e65726174657c693a313535343532313931393b),
('i8gib0gvr6oa59s9d2t7dha2paiec686', '::1', 1554640344, 0x757365725f69647c733a313a2231223b757365726e616d657c733a363a2273616d656572223b656d61696c7c733a31383a2273616d406d61696c696e61746f722e636f6d223b70617373776f72647c733a333a22313233223b66756c6c5f6e616d657c733a333a2273616d223b61626f75745f757365727c4e3b73746174655f69647c733a313a2233223b636974795f69647c733a313a2236223b636f757273655f69647c733a313a2231223b6c616e646d61726b7c733a393a224d616e696e61676172223b726f6c655f69647c733a313a2232223b69735f6f6e6c696e657c733a313a2231223b637265617465645f61747c733a31393a22323031392d30342d30372031343a34373a3533223b5f5f63695f6c6173745f726567656e65726174657c693a313535343634303334343b),
('ilsam7t1iv2dak504jg881kdpt74vp3k', '::1', 1554554926, 0x757365725f69647c733a313a2231223b757365726e616d657c733a363a2273616d656572223b656d61696c7c733a31383a2273616d406d61696c696e61746f722e636f6d223b70617373776f72647c733a333a22313233223b66756c6c5f6e616d657c4e3b61626f75745f757365727c4e3b73746174655f69647c733a313a2231223b636974795f69647c733a313a2235223b636f757273655f69647c733a313a2231223b6c616e646d61726b7c733a393a224d616e696e61676172223b726f6c655f69647c733a313a2232223b69735f6f6e6c696e657c733a313a2230223b637265617465645f61747c733a31393a22323031392d30342d30362031383a30343a3537223b5f5f63695f6c6173745f726567656e65726174657c693a313535343535343932363b),
('j2tdk9nrpjie9tvsmva2rdgogbb2h27m', '::1', 1554632455, 0x757365725f69647c733a313a2236223b757365726e616d657c733a363a2273616d656572223b656d61696c7c733a31383a2273616d406d61696c696e61746f722e636f6d223b70617373776f72647c733a333a22313233223b66756c6c5f6e616d657c4e3b61626f75745f757365727c4e3b73746174655f69647c733a313a2233223b636974795f69647c733a313a2236223b636f757273655f69647c733a313a2231223b6c616e646d61726b7c733a393a224d616e696e61676172223b726f6c655f69647c733a313a2232223b69735f6f6e6c696e657c733a313a2231223b637265617465645f61747c733a31393a22323031392d30342d30372031333a30313a3432223b5f5f63695f6c6173745f726567656e65726174657c693a313535343633323435353b),
('jp5paaoq67opqim9v1orsq68uc5air8q', '::1', 1554556400, 0x757365725f69647c733a313a2231223b757365726e616d657c733a363a2273616d656572223b656d61696c7c733a31383a2273616d406d61696c696e61746f722e636f6d223b70617373776f72647c733a333a22313233223b66756c6c5f6e616d657c4e3b61626f75745f757365727c4e3b73746174655f69647c733a313a2231223b636974795f69647c733a313a2235223b636f757273655f69647c733a313a2231223b6c616e646d61726b7c733a393a224d616e696e61676172223b726f6c655f69647c733a313a2232223b69735f6f6e6c696e657c733a313a2231223b637265617465645f61747c733a31393a22323031392d30342d30362031383a30353a3234223b5f5f63695f6c6173745f726567656e65726174657c693a313535343535363336333b),
('l2eb1iad4a0u2n87i5dq70b76rm3ugle', '::1', 1554537688, 0x5f5f63695f6c6173745f726567656e65726174657c693a313535343533373638383b),
('l433f6geipq3cj36k84kq32foatkt40b', '::1', 1554641059, 0x757365725f69647c733a313a2231223b757365726e616d657c733a363a2273616d656572223b656d61696c7c733a31383a2273616d406d61696c696e61746f722e636f6d223b70617373776f72647c733a333a22313233223b66756c6c5f6e616d657c733a333a2273616d223b61626f75745f757365727c4e3b73746174655f69647c733a313a2233223b636974795f69647c733a313a2236223b636f757273655f69647c733a313a2231223b6c616e646d61726b7c733a393a224d616e696e61676172223b726f6c655f69647c733a313a2232223b69735f6f6e6c696e657c733a313a2231223b637265617465645f61747c733a31393a22323031392d30342d30372031343a34373a3533223b5f5f63695f6c6173745f726567656e65726174657c693a313535343634313035393b),
('lh0e1tf5kvgimfmm471gfg00sa1dprcb', '::1', 1554537688, 0x757365725f69647c733a323a223336223b757365726e616d657c733a363a2273616d656572223b656d61696c7c733a31353a22677564646940676d61696c2e636f6d223b70617373776f72647c733a333a22313233223b66756c6c5f6e616d657c4e3b61626f75745f757365727c4e3b73746174655f69647c733a313a2233223b636974795f69647c733a313a2235223b636f757273655f69647c733a313a2231223b6c616e646d61726b7c733a393a224d616e696e61676172223b726f6c655f69647c733a313a2233223b69735f6f6e6c696e657c733a313a2230223b637265617465645f61747c733a31393a22323031392d30342d30362031333a32333a3234223b5f5f63695f6c6173745f726567656e65726174657c693a313535343533373638383b),
('m2n39hfmdsd3ir2oqq0e4edo1oj47trj', '::1', 1554717626, 0x757365725f69647c733a313a2231223b757365726e616d657c733a363a2273616d656572223b656d61696c7c733a31383a2273616d406d61696c696e61746f722e636f6d223b70617373776f72647c733a333a22313233223b66756c6c5f6e616d657c733a333a2273616d223b61626f75745f757365727c4e3b73746174655f69647c733a313a2233223b636974795f69647c733a313a2236223b636f757273655f69647c733a313a2231223b6c616e646d61726b7c733a393a224d616e696e61676172223b726f6c655f69647c733a313a2232223b69735f6f6e6c696e657c733a313a2231223b637265617465645f61747c733a31393a22323031392d30342d30372031393a31343a3033223b5f5f63695f6c6173745f726567656e65726174657c693a313535343731373537373b),
('mijaummvarae0186nsbjrgqdpb75c10m', '::1', 1554521836, 0x5f5f63695f6c6173745f726567656e65726174657c693a313535343532313833363b),
('mucs33f946hmsb4hlrq87qp640vni59g', '::1', 1554624063, 0x757365725f69647c733a313a2236223b757365726e616d657c733a363a2273616d656572223b656d61696c7c733a31383a2273616d406d61696c696e61746f722e636f6d223b70617373776f72647c733a333a22313233223b66756c6c5f6e616d657c4e3b61626f75745f757365727c4e3b73746174655f69647c733a313a2233223b636974795f69647c733a313a2236223b636f757273655f69647c733a313a2231223b6c616e646d61726b7c733a393a224d616e696e61676172223b726f6c655f69647c733a313a2232223b69735f6f6e6c696e657c733a313a2230223b637265617465645f61747c733a31393a22323031392d30342d30372031323a35383a3035223b5f5f63695f6c6173745f726567656e65726174657c693a313535343632343036333b),
('n1ej494ins5f819l76u4d3hn55gr9pes', '::1', 1554628477, 0x5f5f63695f6c6173745f726567656e65726174657c693a313535343632383437373b757365725f646174617c4f3a383a22737464436c617373223a31333a7b733a373a22757365725f6964223b733a313a2237223b733a383a22757365726e616d65223b733a353a2261646d696e223b733a353a22656d61696c223b733a31353a2261646d696e40676d61696c2e636f6d223b733a383a2270617373776f7264223b733a333a22313233223b733a393a2266756c6c5f6e616d65223b733a353a2241646d696e223b733a31303a2261626f75745f75736572223b4e3b733a383a2273746174655f6964223b733a313a2231223b733a373a22636974795f6964223b733a313a2235223b733a393a22636f757273655f6964223b733a313a2231223b733a383a226c616e646d61726b223b733a393a226d616e696e61676172223b733a373a22726f6c655f6964223b733a313a2231223b733a393a2269735f6f6e6c696e65223b733a313a2230223b733a31303a22637265617465645f6174223b733a31393a22323031392d30342d30372031343a31313a3331223b7d),
('o02tcn2jb87v2juepq803fdr9sa84aqd', '::1', 1554624588, 0x757365725f69647c733a313a2236223b757365726e616d657c733a363a2273616d656572223b656d61696c7c733a31383a2273616d406d61696c696e61746f722e636f6d223b70617373776f72647c733a333a22313233223b66756c6c5f6e616d657c4e3b61626f75745f757365727c4e3b73746174655f69647c733a313a2233223b636974795f69647c733a313a2236223b636f757273655f69647c733a313a2231223b6c616e646d61726b7c733a393a224d616e696e61676172223b726f6c655f69647c733a313a2232223b69735f6f6e6c696e657c733a313a2230223b637265617465645f61747c733a31393a22323031392d30342d30372031323a35383a3035223b5f5f63695f6c6173745f726567656e65726174657c693a313535343632343538383b),
('o5bn5d99p6o7o7mqbenhi3lt1mnmcnf6', '::1', 1554629533, 0x5f5f63695f6c6173745f726567656e65726174657c693a313535343632393533333b757365725f646174617c4f3a383a22737464436c617373223a31333a7b733a373a22757365725f6964223b733a313a2237223b733a383a22757365726e616d65223b733a353a2261646d696e223b733a353a22656d61696c223b733a31353a2261646d696e40676d61696c2e636f6d223b733a383a2270617373776f7264223b733a333a22313233223b733a393a2266756c6c5f6e616d65223b733a353a2241646d696e223b733a31303a2261626f75745f75736572223b4e3b733a383a2273746174655f6964223b733a313a2231223b733a373a22636974795f6964223b733a313a2235223b733a393a22636f757273655f6964223b733a313a2231223b733a383a226c616e646d61726b223b733a393a226d616e696e61676172223b733a373a22726f6c655f6964223b733a313a2231223b733a393a2269735f6f6e6c696e65223b733a313a2230223b733a31303a22637265617465645f6174223b733a31393a22323031392d30342d30372031343a31313a3331223b7d),
('oatqf9vok7e3a269no1f6on3onncu0qe', '::1', 1554618820, 0x5f5f63695f6c6173745f726567656e65726174657c693a313535343631383733393b),
('ofdaumgdnlfl7mgvesrko7tr2o1tm088', '::1', 1554625706, 0x757365725f69647c733a313a2236223b757365726e616d657c733a363a2273616d656572223b656d61696c7c733a31383a2273616d406d61696c696e61746f722e636f6d223b70617373776f72647c733a333a22313233223b66756c6c5f6e616d657c4e3b61626f75745f757365727c4e3b73746174655f69647c733a313a2233223b636974795f69647c733a313a2236223b636f757273655f69647c733a313a2231223b6c616e646d61726b7c733a393a224d616e696e61676172223b726f6c655f69647c733a313a2232223b69735f6f6e6c696e657c733a313a2230223b637265617465645f61747c733a31393a22323031392d30342d30372031323a35383a3035223b5f5f63695f6c6173745f726567656e65726174657c693a313535343632353730363b),
('ogcaj4oakt721pgqlhuuh9bvcjsq4013', '::1', 1554220158, 0x757365725f69647c733a313a2232223b757365726e616d657c733a373a224a61736d697461223b656d61696c7c733a31333a226a617340676d61696c2e636f6d223b70617373776f72647c733a373a226a61736d697461223b66756c6c5f6e616d657c733a373a224a61736d697461223b61626f75745f757365727c733a3132343a2249742069732061206c6f6e672065737461626c6973686564206661637420746861742061207265616465722077696c6c206265206469737472616374656420627920746865207265616461626c6520636f6e74656e74206f6620612070616765207768656e206c6f6f6b696e6720617420697473206c61796f75742e223b73746174655f69647c733a313a2231223b636974795f69647c733a313a2235223b636f757273655f69647c733a313a2231223b6c616e646d61726b7c733a353a22564144414a223b726f6c655f69647c733a313a2232223b69735f6f6e6c696e657c733a313a2230223b5f5f63695f6c6173745f726567656e65726174657c693a313535343232303135383b),
('otptiqmq5ouqjho4f4mckvsc4j7bm9hq', '::1', 1554218356, 0x757365725f69647c733a313a2232223b757365726e616d657c733a373a224a61736d697461223b656d61696c7c733a31333a226a617340676d61696c2e636f6d223b70617373776f72647c733a373a226a61736d697461223b66756c6c5f6e616d657c733a373a224a61736d697461223b61626f75745f757365727c733a3132343a2249742069732061206c6f6e672065737461626c6973686564206661637420746861742061207265616465722077696c6c206265206469737472616374656420627920746865207265616461626c6520636f6e74656e74206f6620612070616765207768656e206c6f6f6b696e6720617420697473206c61796f75742e223b73746174655f69647c733a313a2231223b636974795f69647c733a313a2235223b636f757273655f69647c733a313a2231223b6c616e646d61726b7c733a353a22564144414a223b726f6c655f69647c733a313a2232223b69735f6f6e6c696e657c733a313a2230223b5f5f63695f6c6173745f726567656e65726174657c693a313535343231383335363b),
('p16re2rj4ni66ojhk0kq8c8fs9n8g40v', '::1', 1554625387, 0x757365725f69647c733a313a2236223b757365726e616d657c733a363a2273616d656572223b656d61696c7c733a31383a2273616d406d61696c696e61746f722e636f6d223b70617373776f72647c733a333a22313233223b66756c6c5f6e616d657c4e3b61626f75745f757365727c4e3b73746174655f69647c733a313a2233223b636974795f69647c733a313a2236223b636f757273655f69647c733a313a2231223b6c616e646d61726b7c733a393a224d616e696e61676172223b726f6c655f69647c733a313a2232223b69735f6f6e6c696e657c733a313a2230223b637265617465645f61747c733a31393a22323031392d30342d30372031323a35383a3035223b5f5f63695f6c6173745f726567656e65726174657c693a313535343632353338373b),
('p926nlo9ugqdan9m2hm2kmh58lhcrpe4', '::1', 1554555713, 0x5f5f63695f6c6173745f726567656e65726174657c693a313535343535353731333b),
('q84oh8f31jo9g725nfaauatou8vpnung', '::1', 1554552132, 0x5f5f63695f6c6173745f726567656e65726174657c693a313535343535323133313b),
('qihr1hugpgh2m0kh8lgdb137kjn0q09v', '::1', 1554728870, 0x5f5f63695f6c6173745f726567656e65726174657c693a313535343732383837303b),
('r6lmqm8fgu1544l9cvasa15sbq6rs53c', '::1', 1554537345, 0x5f5f63695f6c6173745f726567656e65726174657c693a313535343533373334353b),
('r8jrfjlth87rbd90uk343qs8ugcqk6b6', '::1', 1554626165, 0x5f5f63695f6c6173745f726567656e65726174657c693a313535343632363136353b),
('rgacv65tet7lrlli99r572p1bcbtrdfs', '::1', 1554643639, 0x757365725f69647c733a313a2231223b757365726e616d657c733a363a2273616d656572223b656d61696c7c733a31383a2273616d406d61696c696e61746f722e636f6d223b70617373776f72647c733a333a22313233223b66756c6c5f6e616d657c733a333a2273616d223b61626f75745f757365727c4e3b73746174655f69647c733a313a2233223b636974795f69647c733a313a2236223b636f757273655f69647c733a313a2231223b6c616e646d61726b7c733a393a224d616e696e61676172223b726f6c655f69647c733a313a2232223b69735f6f6e6c696e657c733a313a2231223b637265617465645f61747c733a31393a22323031392d30342d30372031343a34373a3533223b5f5f63695f6c6173745f726567656e65726174657c693a313535343634333633393b),
('rtltbghcfa02f6l9m5prm0jh351qugqa', '::1', 1554717553, 0x5f5f63695f6c6173745f726567656e65726174657c693a313535343731373535333b),
('s5j2gs9aikrq03qedt2lo5o9pjg5uhq5', '::1', 1554631581, 0x5f5f63695f6c6173745f726567656e65726174657c693a313535343633313538313b757365725f646174617c4f3a383a22737464436c617373223a31333a7b733a373a22757365725f6964223b733a313a2237223b733a383a22757365726e616d65223b733a353a2261646d696e223b733a353a22656d61696c223b733a31353a2261646d696e40676d61696c2e636f6d223b733a383a2270617373776f7264223b733a333a22313233223b733a393a2266756c6c5f6e616d65223b733a353a2241646d696e223b733a31303a2261626f75745f75736572223b4e3b733a383a2273746174655f6964223b733a313a2231223b733a373a22636974795f6964223b733a313a2235223b733a393a22636f757273655f6964223b733a313a2231223b733a383a226c616e646d61726b223b733a393a226d616e696e61676172223b733a373a22726f6c655f6964223b733a313a2231223b733a393a2269735f6f6e6c696e65223b733a313a2230223b733a31303a22637265617465645f6174223b733a31393a22323031392d30342d30372031343a31313a3331223b7d),
('savco9mhl1d84eqlt7g7c2qd5uathspq', '::1', 1554730044, 0x5f5f63695f6c6173745f726567656e65726174657c693a313535343732393935313b),
('sq2prsotgr5p8c456ep5h83ko7814d22', '::1', 1554643952, 0x757365725f69647c733a313a2231223b757365726e616d657c733a363a2273616d656572223b656d61696c7c733a31383a2273616d406d61696c696e61746f722e636f6d223b70617373776f72647c733a333a22313233223b66756c6c5f6e616d657c733a333a2273616d223b61626f75745f757365727c4e3b73746174655f69647c733a313a2233223b636974795f69647c733a313a2236223b636f757273655f69647c733a313a2231223b6c616e646d61726b7c733a393a224d616e696e61676172223b726f6c655f69647c733a313a2232223b69735f6f6e6c696e657c733a313a2230223b637265617465645f61747c733a31393a22323031392d30342d30372031383a35373a3232223b5f5f63695f6c6173745f726567656e65726174657c693a313535343634333935323b),
('svqappemgpvphj7ql5s2kqkgki533q6i', '::1', 1554644710, 0x757365725f69647c733a313a2231223b757365726e616d657c733a363a2273616d656572223b656d61696c7c733a31383a2273616d406d61696c696e61746f722e636f6d223b70617373776f72647c733a333a22313233223b66756c6c5f6e616d657c733a333a2273616d223b61626f75745f757365727c4e3b73746174655f69647c733a313a2233223b636974795f69647c733a313a2236223b636f757273655f69647c733a313a2231223b6c616e646d61726b7c733a393a224d616e696e61676172223b726f6c655f69647c733a313a2232223b69735f6f6e6c696e657c733a313a2230223b637265617465645f61747c733a31393a22323031392d30342d30372031393a31333a3535223b5f5f63695f6c6173745f726567656e65726174657c693a313535343634343634343b),
('t4aru8c096urd9bc6bd0co13018nt4q9', '::1', 1554552770, 0x5f5f63695f6c6173745f726567656e65726174657c693a313535343535323737303b),
('t7qqdkppk6miun68dcs370llapbsepbr', '::1', 1554217662, 0x757365725f69647c733a313a2232223b757365726e616d657c733a373a224a61736d697461223b656d61696c7c733a31333a226a617340676d61696c2e636f6d223b70617373776f72647c733a373a226a61736d697461223b66756c6c5f6e616d657c733a373a224a61736d697461223b61626f75745f757365727c733a3132343a2249742069732061206c6f6e672065737461626c6973686564206661637420746861742061207265616465722077696c6c206265206469737472616374656420627920746865207265616461626c6520636f6e74656e74206f6620612070616765207768656e206c6f6f6b696e6720617420697473206c61796f75742e223b73746174655f69647c733a313a2231223b636974795f69647c733a313a2235223b636f757273655f69647c733a313a2231223b6c616e646d61726b7c733a353a22564144414a223b726f6c655f69647c733a313a2232223b69735f6f6e6c696e657c733a313a2230223b5f5f63695f6c6173745f726567656e65726174657c693a313535343231373636323b);
INSERT INTO `ci_sessions` (`id`, `ip_address`, `timestamp`, `data`) VALUES
('u7jq8m63i6tj3n2en2upb79tunmvfogl', '::1', 1554630343, 0x5f5f63695f6c6173745f726567656e65726174657c693a313535343633303334333b757365725f646174617c4f3a383a22737464436c617373223a31333a7b733a373a22757365725f6964223b733a313a2237223b733a383a22757365726e616d65223b733a353a2261646d696e223b733a353a22656d61696c223b733a31353a2261646d696e40676d61696c2e636f6d223b733a383a2270617373776f7264223b733a333a22313233223b733a393a2266756c6c5f6e616d65223b733a353a2241646d696e223b733a31303a2261626f75745f75736572223b4e3b733a383a2273746174655f6964223b733a313a2231223b733a373a22636974795f6964223b733a313a2235223b733a393a22636f757273655f6964223b733a313a2231223b733a383a226c616e646d61726b223b733a393a226d616e696e61676172223b733a373a22726f6c655f6964223b733a313a2231223b733a393a2269735f6f6e6c696e65223b733a313a2230223b733a31303a22637265617465645f6174223b733a31393a22323031392d30342d30372031343a31313a3331223b7d),
('uulauih019oijagt9v6dop2fdtnvj6mt', '::1', 1554639843, 0x5f5f63695f6c6173745f726567656e65726174657c693a313535343633393834333b),
('v0mhtkpuo5qdu9voq1a2av9q61mii41l', '::1', 1554645798, 0x757365725f69647c733a313a2231223b757365726e616d657c733a363a2273616d656572223b656d61696c7c733a31383a2273616d406d61696c696e61746f722e636f6d223b70617373776f72647c733a333a22313233223b66756c6c5f6e616d657c733a333a2273616d223b61626f75745f757365727c4e3b73746174655f69647c733a313a2233223b636974795f69647c733a313a2236223b636f757273655f69647c733a313a2231223b6c616e646d61726b7c733a393a224d616e696e61676172223b726f6c655f69647c733a313a2232223b69735f6f6e6c696e657c733a313a2231223b637265617465645f61747c733a31393a22323031392d30342d30372031393a31343a3033223b5f5f63695f6c6173745f726567656e65726174657c693a313535343634353739383b),
('v1v07c92b4h3ni04doj61i458s81q4gl', '::1', 1554626898, 0x757365725f69647c733a313a2236223b757365726e616d657c733a363a2273616d656572223b656d61696c7c733a31383a2273616d406d61696c696e61746f722e636f6d223b70617373776f72647c733a333a22313233223b66756c6c5f6e616d657c4e3b61626f75745f757365727c4e3b73746174655f69647c733a313a2233223b636974795f69647c733a313a2236223b636f757273655f69647c733a313a2231223b6c616e646d61726b7c733a393a224d616e696e61676172223b726f6c655f69647c733a313a2232223b69735f6f6e6c696e657c733a313a2230223b637265617465645f61747c733a31393a22323031392d30342d30372031323a35383a3035223b5f5f63695f6c6173745f726567656e65726174657c693a313535343632363839383b),
('vm2mh17bh78nnp3gpukdqshicb7079h3', '::1', 1554831408, 0x5f5f63695f6c6173745f726567656e65726174657c693a313535343833313239303b757365725f646174617c4f3a383a22737464436c617373223a31333a7b733a373a22757365725f6964223b733a313a2231223b733a383a22757365726e616d65223b733a363a2273616d656572223b733a353a22656d61696c223b733a31383a2273616d406d61696c696e61746f722e636f6d223b733a383a2270617373776f7264223b733a333a22313233223b733a393a2266756c6c5f6e616d65223b733a333a2273616d223b733a31303a2261626f75745f75736572223b4e3b733a383a2273746174655f6964223b733a313a2233223b733a373a22636974795f6964223b733a313a2236223b733a393a22636f757273655f6964223b733a313a2231223b733a383a226c616e646d61726b223b733a393a224d616e696e61676172223b733a373a22726f6c655f6964223b733a313a2232223b733a393a2269735f6f6e6c696e65223b733a313a2230223b733a31303a22637265617465645f6174223b733a31393a22323031392d30342d30392032323a35383a3035223b7d),
('vt39n2g5dr88cokugf01l6ohi23pbhle', '::1', 1554644477, 0x757365725f69647c733a313a2231223b757365726e616d657c733a363a2273616d656572223b656d61696c7c733a31383a2273616d406d61696c696e61746f722e636f6d223b70617373776f72647c733a333a22313233223b66756c6c5f6e616d657c733a333a2273616d223b61626f75745f757365727c4e3b73746174655f69647c733a313a2233223b636974795f69647c733a313a2236223b636f757273655f69647c733a313a2231223b6c616e646d61726b7c733a393a224d616e696e61676172223b726f6c655f69647c733a313a2232223b69735f6f6e6c696e657c733a313a2230223b637265617465645f61747c733a31393a22323031392d30342d30372031383a35373a3232223b5f5f63695f6c6173745f726567656e65726174657c693a313535343634343437373b);

-- --------------------------------------------------------

--
-- Table structure for table `complaints`
--

CREATE TABLE `complaints` (
  `id` int(11) NOT NULL,
  `name` varchar(100) NOT NULL,
  `email` varchar(100) NOT NULL,
  `c_tittle` varchar(100) NOT NULL,
  `c_description` text NOT NULL,
  `user_id` int(11) NOT NULL
) ENGINE=InnoDB DEFAULT CHARSET=latin1;

--
-- Dumping data for table `complaints`
--

INSERT INTO `complaints` (`id`, `name`, `email`, `c_tittle`, `c_description`, `user_id`) VALUES
(1, 'sam', 'bhatt@gmail.com', 'query', 'sameer bhatt', 1),
(2, 'sam', 'bhatt@gmail.com', 'query', 'sameer bhatt', 2),
(3, 'Twinkal', 'a@gmail.clm', 'icn', 'gdshgs', 3),
(4, 'Twinkal', 'a@gmail.clm', 'icn', 'sddfgdgf', 1),
(5, 'test', 'testuser@gmail.com', 'test1', 'test', 1),
(6, 'test', 'guddi@gmail.com', 'test1', 'S', 1),
(7, 'test', 'testuser@gmail.com', 'test1', 'test messagae', 10);

-- --------------------------------------------------------

--
-- Table structure for table `contact_email`
--

CREATE TABLE `contact_email` (
  `contact_email_id` int(11) NOT NULL,
  `email_address` varchar(100) NOT NULL,
  `is_primary` int(11) NOT NULL,
  `status` tinyint(4) NOT NULL DEFAULT '1'
) ENGINE=InnoDB DEFAULT CHARSET=latin1;

-- --------------------------------------------------------

--
-- Table structure for table `contact_no`
--

CREATE TABLE `contact_no` (
  `contact_no_id` int(11) NOT NULL,
  `contact_no` varchar(200) NOT NULL,
  `is_primary` int(11) NOT NULL,
  `status` tinyint(4) NOT NULL
) ENGINE=InnoDB DEFAULT CHARSET=latin1;

-- --------------------------------------------------------

--
-- Table structure for table `course`
--

CREATE TABLE `course` (
  `id` int(11) NOT NULL,
  `name` varchar(100) NOT NULL
) ENGINE=InnoDB DEFAULT CHARSET=latin1;

--
-- Dumping data for table `course`
--

INSERT INTO `course` (`id`, `name`) VALUES
(1, 'BE'),
(2, 'ME'),
(3, 'PHD');

-- --------------------------------------------------------

--
-- Table structure for table `course_user_map`
--

CREATE TABLE `course_user_map` (
  `course_user_map_id` int(11) NOT NULL,
  `course_id` int(11) NOT NULL,
  `user_id` int(11) NOT NULL
) ENGINE=InnoDB DEFAULT CHARSET=latin1;

--
-- Dumping data for table `course_user_map`
--

INSERT INTO `course_user_map` (`course_user_map_id`, `course_id`, `user_id`) VALUES
(1, 1, 1),
(2, 2, 1),
(3, 2, 1),
(4, 3, 1),
(5, 2, 2),
(6, 3, 3);

-- --------------------------------------------------------

--
-- Table structure for table `doc`
--

CREATE TABLE `doc` (
  `doc_id` int(11) NOT NULL,
  `doc_tittle` varchar(50) NOT NULL,
  `doc_type` varchar(50) NOT NULL,
  `user_id` int(11) NOT NULL,
  `relationship` varchar(50) NOT NULL,
  `uploaded_by` int(11) NOT NULL,
  `course_id` int(11) DEFAULT NULL,
  `created_at` timestamp NOT NULL DEFAULT CURRENT_TIMESTAMP ON UPDATE CURRENT_TIMESTAMP,
  `is_primary` tinyint(1) NOT NULL,
  `doc_slug` varchar(100) NOT NULL,
  `status` tinyint(4) NOT NULL
) ENGINE=InnoDB DEFAULT CHARSET=latin1;

-- --------------------------------------------------------

--
-- Table structure for table `message`
--

CREATE TABLE `message` (
  `message_id` int(11) NOT NULL,
  `sender_id` int(11) NOT NULL,
  `reciver_id` int(11) NOT NULL,
  `message` text,
  `send_on` datetime NOT NULL DEFAULT CURRENT_TIMESTAMP,
  `is_read` tinyint(1) NOT NULL
) ENGINE=InnoDB DEFAULT CHARSET=latin1;

--
-- Dumping data for table `message`
--

INSERT INTO `message` (`message_id`, `sender_id`, `reciver_id`, `message`, `send_on`, `is_read`) VALUES
(16, 2, 1, 'Hello', '2019-04-09 23:06:35', 0),
(17, 1, 2, 'Hiii', '2019-04-09 23:06:48', 0);

-- --------------------------------------------------------

--
-- Table structure for table `package`
--

CREATE TABLE `package` (
  `id` int(11) NOT NULL,
  `type` varchar(100) NOT NULL,
  `amount` int(11) NOT NULL,
  `no_of_meetings` int(11) NOT NULL
) ENGINE=InnoDB DEFAULT CHARSET=latin1;

--
-- Dumping data for table `package`
--

INSERT INTO `package` (`id`, `type`, `amount`, `no_of_meetings`) VALUES
(1, '30 days', 450, 2),
(2, '60 days', 800, 5),
(3, '90 days', 1200, 7),
(4, '180 days', 2500, 10);

-- --------------------------------------------------------

--
-- Table structure for table `payment`
--

CREATE TABLE `payment` (
  `id` int(11) NOT NULL,
  `package_id` int(11) NOT NULL,
  `user_id` int(11) NOT NULL,
  `created_on` date NOT NULL,
  `status` tinyint(4) NOT NULL
) ENGINE=InnoDB DEFAULT CHARSET=latin1;

-- --------------------------------------------------------

--
-- Table structure for table `role`
--

CREATE TABLE `role` (
  `role_id` int(11) NOT NULL,
  `role_name` varchar(100) NOT NULL
) ENGINE=InnoDB DEFAULT CHARSET=latin1;

--
-- Dumping data for table `role`
--

INSERT INTO `role` (`role_id`, `role_name`) VALUES
(1, 'ADMIN'),
(2, 'mentor'),
(3, 'student');

-- --------------------------------------------------------

--
-- Table structure for table `slider_image`
--

CREATE TABLE `slider_image` (
  `slider_image_id` int(11) NOT NULL,
  `image_name` varchar(200) NOT NULL,
  `image_tag` varchar(100) DEFAULT NULL,
  `image_title` varchar(100) DEFAULT NULL,
  `image_sub_title` varchar(100) DEFAULT NULL,
  `sort_order` int(11) NOT NULL,
  `status` tinyint(4) NOT NULL
) ENGINE=InnoDB DEFAULT CHARSET=latin1;

--
-- Dumping data for table `slider_image`
--

INSERT INTO `slider_image` (`slider_image_id`, `image_name`, `image_tag`, `image_title`, `image_sub_title`, `sort_order`, `status`) VALUES
(1, 'about_bg.jpg', 'Hard Work', 'Test image Title', 'Test image sub title', 0, 0);

-- --------------------------------------------------------

--
-- Table structure for table `state`
--

CREATE TABLE `state` (
  `sid` int(11) NOT NULL,
  `sname` varchar(100) NOT NULL
) ENGINE=InnoDB DEFAULT CHARSET=latin1;

--
-- Dumping data for table `state`
--

INSERT INTO `state` (`sid`, `sname`) VALUES
(1, 'GUJARAT'),
(3, 'MP'),
(4, 'UP'),
(6, 'Rajasthan');

-- --------------------------------------------------------

--
-- Table structure for table `sub_status`
--

CREATE TABLE `sub_status` (
  `id` int(11) NOT NULL,
  `payment_id` int(11) NOT NULL,
  `user_id` int(11) NOT NULL,
  `renew_on` datetime NOT NULL,
  `trail_period` int(11) NOT NULL,
  `package_id` int(11) NOT NULL,
  `starting_on` datetime NOT NULL,
  `ending_on` datetime NOT NULL,
  `status` int(11) NOT NULL DEFAULT '0'
) ENGINE=InnoDB DEFAULT CHARSET=latin1;

--
-- Dumping data for table `sub_status`
--

INSERT INTO `sub_status` (`id`, `payment_id`, `user_id`, `renew_on`, `trail_period`, `package_id`, `starting_on`, `ending_on`, `status`) VALUES
(1, 1, 1, '2019-04-07 12:36:57', 0, 0, '2019-04-07 12:36:57', '2019-05-07 00:00:00', 1),
(2, 0, 1, '2019-04-07 00:00:00', 0, 1, '2019-05-08 00:00:00', '2019-06-07 00:00:00', 0),
(3, 0, 1, '2019-04-07 00:00:00', 0, 1, '2019-06-08 00:00:00', '2019-07-08 00:00:00', 0),
(4, 0, 1, '2019-04-07 00:00:00', 0, 1, '2019-07-09 00:00:00', '2019-08-08 00:00:00', 0),
(5, 1, 8, '2019-04-08 18:30:52', 0, 0, '2019-04-08 18:30:52', '2019-05-08 00:00:00', 0),
(6, 1, 9, '2019-04-08 18:44:51', 0, 0, '2019-04-08 18:44:51', '2019-05-08 00:00:00', 0),
(7, 1, 10, '2019-04-08 18:53:00', 0, 0, '2019-04-08 18:53:00', '2019-05-08 00:00:00', 0);

-- --------------------------------------------------------

--
-- Table structure for table `user`
--

CREATE TABLE `user` (
  `user_id` int(11) NOT NULL,
  `username` varchar(100) NOT NULL,
  `email` varchar(100) NOT NULL,
  `password` varchar(100) NOT NULL,
  `full_name` varchar(100) DEFAULT NULL,
  `about_user` text,
  `state_id` int(11) NOT NULL,
  `city_id` int(11) NOT NULL,
  `course_id` int(11) DEFAULT NULL,
  `landmark` varchar(100) NOT NULL,
  `role_id` int(11) NOT NULL,
  `is_online` tinyint(1) NOT NULL DEFAULT '0',
  `created_at` timestamp NOT NULL DEFAULT CURRENT_TIMESTAMP ON UPDATE CURRENT_TIMESTAMP
) ENGINE=InnoDB DEFAULT CHARSET=latin1;

--
-- Dumping data for table `user`
--

INSERT INTO `user` (`user_id`, `username`, `email`, `password`, `full_name`, `about_user`, `state_id`, `city_id`, `course_id`, `landmark`, `role_id`, `is_online`, `created_at`) VALUES
(1, 'sameer', 'sam@mailinator.com', '123', 'sam', NULL, 3, 6, 1, 'Maninagar', 2, 0, '2019-04-09 17:28:05'),
(2, 'Sameer', 'sam@gmail.com', '123', 'Sameer Bhatt', NULL, 1, 5, 1, 'maninagar', 3, 1, '2019-04-09 17:36:11'),
(3, 'hardik', 'hk@gmail.com', '123', 'HArdik Vyas', NULL, 1, 5, 1, 'maninagar', 3, 0, '2019-04-07 09:54:35'),
(7, 'admin', 'admin@gmail.com', '123', 'Admin', NULL, 1, 5, 1, 'maninagar', 1, 0, '2019-04-07 09:53:18'),
(8, 'test', 'test@mailinator.com', '123', NULL, NULL, 1, 5, 1, 'Maninagar', 2, 0, '2019-04-08 13:13:00'),
(9, 'test', 'test@gmail.com', '123', NULL, NULL, 1, 5, 1, 'Maninagar', 2, 1, '2019-04-08 13:16:06'),
(10, 'testuser', 'testuser@gmail.com', '123', NULL, NULL, 1, 5, 2, 'Maninagar', 3, 1, '2019-04-08 13:25:05');

--
-- Indexes for dumped tables
--

--
-- Indexes for table `about_info`
--
ALTER TABLE `about_info`
  ADD PRIMARY KEY (`about_info_id`);

--
-- Indexes for table `city`
--
ALTER TABLE `city`
  ADD PRIMARY KEY (`cid`),
  ADD KEY `sid` (`sid`);

--
-- Indexes for table `ci_sessions`
--
ALTER TABLE `ci_sessions`
  ADD PRIMARY KEY (`id`),
  ADD KEY `ci_sessions_timestamp` (`timestamp`);

--
-- Indexes for table `complaints`
--
ALTER TABLE `complaints`
  ADD PRIMARY KEY (`id`);

--
-- Indexes for table `contact_email`
--
ALTER TABLE `contact_email`
  ADD PRIMARY KEY (`contact_email_id`);

--
-- Indexes for table `contact_no`
--
ALTER TABLE `contact_no`
  ADD PRIMARY KEY (`contact_no_id`);

--
-- Indexes for table `course`
--
ALTER TABLE `course`
  ADD PRIMARY KEY (`id`);

--
-- Indexes for table `course_user_map`
--
ALTER TABLE `course_user_map`
  ADD PRIMARY KEY (`course_user_map_id`);

--
-- Indexes for table `doc`
--
ALTER TABLE `doc`
  ADD PRIMARY KEY (`doc_id`),
  ADD KEY `user_id` (`user_id`),
  ADD KEY `uploaded_by` (`uploaded_by`),
  ADD KEY `course_id` (`course_id`);

--
-- Indexes for table `message`
--
ALTER TABLE `message`
  ADD PRIMARY KEY (`message_id`),
  ADD KEY `sender_id` (`sender_id`),
  ADD KEY `reciver_id` (`reciver_id`);

--
-- Indexes for table `package`
--
ALTER TABLE `package`
  ADD PRIMARY KEY (`id`);

--
-- Indexes for table `payment`
--
ALTER TABLE `payment`
  ADD PRIMARY KEY (`id`),
  ADD KEY `package_id` (`package_id`),
  ADD KEY `user_id` (`user_id`);

--
-- Indexes for table `role`
--
ALTER TABLE `role`
  ADD PRIMARY KEY (`role_id`);

--
-- Indexes for table `slider_image`
--
ALTER TABLE `slider_image`
  ADD PRIMARY KEY (`slider_image_id`);

--
-- Indexes for table `state`
--
ALTER TABLE `state`
  ADD PRIMARY KEY (`sid`);

--
-- Indexes for table `sub_status`
--
ALTER TABLE `sub_status`
  ADD PRIMARY KEY (`id`);

--
-- Indexes for table `user`
--
ALTER TABLE `user`
  ADD PRIMARY KEY (`user_id`),
  ADD UNIQUE KEY `email` (`email`),
  ADD KEY `role_id` (`role_id`),
  ADD KEY `state_id` (`state_id`,`city_id`),
  ADD KEY `city_id` (`city_id`),
  ADD KEY `course_id` (`course_id`);

--
-- AUTO_INCREMENT for dumped tables
--

--
-- AUTO_INCREMENT for table `about_info`
--
ALTER TABLE `about_info`
  MODIFY `about_info_id` int(11) NOT NULL AUTO_INCREMENT, AUTO_INCREMENT=2;

--
-- AUTO_INCREMENT for table `city`
--
ALTER TABLE `city`
  MODIFY `cid` int(11) NOT NULL AUTO_INCREMENT, AUTO_INCREMENT=12;

--
-- AUTO_INCREMENT for table `complaints`
--
ALTER TABLE `complaints`
  MODIFY `id` int(11) NOT NULL AUTO_INCREMENT, AUTO_INCREMENT=8;

--
-- AUTO_INCREMENT for table `contact_email`
--
ALTER TABLE `contact_email`
  MODIFY `contact_email_id` int(11) NOT NULL AUTO_INCREMENT;

--
-- AUTO_INCREMENT for table `contact_no`
--
ALTER TABLE `contact_no`
  MODIFY `contact_no_id` int(11) NOT NULL AUTO_INCREMENT;

--
-- AUTO_INCREMENT for table `course`
--
ALTER TABLE `course`
  MODIFY `id` int(11) NOT NULL AUTO_INCREMENT, AUTO_INCREMENT=4;

--
-- AUTO_INCREMENT for table `course_user_map`
--
ALTER TABLE `course_user_map`
  MODIFY `course_user_map_id` int(11) NOT NULL AUTO_INCREMENT, AUTO_INCREMENT=7;

--
-- AUTO_INCREMENT for table `doc`
--
ALTER TABLE `doc`
  MODIFY `doc_id` int(11) NOT NULL AUTO_INCREMENT;

--
-- AUTO_INCREMENT for table `message`
--
ALTER TABLE `message`
  MODIFY `message_id` int(11) NOT NULL AUTO_INCREMENT, AUTO_INCREMENT=18;

--
-- AUTO_INCREMENT for table `package`
--
ALTER TABLE `package`
  MODIFY `id` int(11) NOT NULL AUTO_INCREMENT, AUTO_INCREMENT=5;

--
-- AUTO_INCREMENT for table `payment`
--
ALTER TABLE `payment`
  MODIFY `id` int(11) NOT NULL AUTO_INCREMENT;

--
-- AUTO_INCREMENT for table `role`
--
ALTER TABLE `role`
  MODIFY `role_id` int(11) NOT NULL AUTO_INCREMENT, AUTO_INCREMENT=4;

--
-- AUTO_INCREMENT for table `slider_image`
--
ALTER TABLE `slider_image`
  MODIFY `slider_image_id` int(11) NOT NULL AUTO_INCREMENT, AUTO_INCREMENT=2;

--
-- AUTO_INCREMENT for table `state`
--
ALTER TABLE `state`
  MODIFY `sid` int(11) NOT NULL AUTO_INCREMENT, AUTO_INCREMENT=7;

--
-- AUTO_INCREMENT for table `sub_status`
--
ALTER TABLE `sub_status`
  MODIFY `id` int(11) NOT NULL AUTO_INCREMENT, AUTO_INCREMENT=8;

--
-- AUTO_INCREMENT for table `user`
--
ALTER TABLE `user`
  MODIFY `user_id` int(11) NOT NULL AUTO_INCREMENT, AUTO_INCREMENT=11;

--
-- Constraints for dumped tables
--

--
-- Constraints for table `city`
--
ALTER TABLE `city`
  ADD CONSTRAINT `city_ibfk_1` FOREIGN KEY (`sid`) REFERENCES `state` (`sid`);

--
-- Constraints for table `user`
--
ALTER TABLE `user`
  ADD CONSTRAINT `user_ibfk_1` FOREIGN KEY (`role_id`) REFERENCES `role` (`role_id`) ON DELETE CASCADE ON UPDATE CASCADE,
  ADD CONSTRAINT `user_ibfk_2` FOREIGN KEY (`city_id`) REFERENCES `city` (`cid`),
  ADD CONSTRAINT `user_ibfk_3` FOREIGN KEY (`state_id`) REFERENCES `state` (`sid`),
  ADD CONSTRAINT `user_ibfk_4` FOREIGN KEY (`course_id`) REFERENCES `course` (`id`);
COMMIT;

/*!40101 SET CHARACTER_SET_CLIENT=@OLD_CHARACTER_SET_CLIENT */;
/*!40101 SET CHARACTER_SET_RESULTS=@OLD_CHARACTER_SET_RESULTS */;
/*!40101 SET COLLATION_CONNECTION=@OLD_COLLATION_CONNECTION */;
